,width,height,brightness
count,100.0,100.0,100.0
mean,924.42,924.41,140.79538607489746
std,444.2207154561841,444.22844462067155,19.372025678329635
min,234.0,234.0,97.34088181154127
25%,607.0,607.75,127.01900999713267
50%,848.0,847.5,140.37432398156295
75%,1192.25,1192.0,153.4277250164805
max,2221.0,2221.0,187.90760672023376
