{
    "timestamp": "2025-05-22T16:41:26.685179",
    "dataset_stats": {
        "num_samples": 90,
        "num_features": 3,
        "training_samples": 63,
        "testing_samples": 27
    },
    "base_dir": "C:\\Users\\onadi\\Desktop\\2025-FYP-Orca",
    "feature_names": [
        "feat_A",
        "feat_B",
        "feat_C"
    ],
    "test_size": 0.3,
    "random_state": 42,
    "classification_reports": {
        "level1_mlp": {
            "False": {
                "precision": 0.5882352941176471,
                "recall": 0.6666666666666666,
                "f1-score": 0.625,
                "support": 15.0
            },
            "True": {
                "precision": 0.5,
                "recall": 0.4166666666666667,
                "f1-score": 0.45454545454545453,
                "support": 12.0
            },
            "accuracy": 0.5555555555555556,
            "macro avg": {
                "precision": 0.5441176470588236,
                "recall": 0.5416666666666666,
                "f1-score": 0.5397727272727273,
                "support": 27.0
            },
            "weighted avg": {
                "precision": 0.5490196078431373,
                "recall": 0.5555555555555556,
                "f1-score": 0.5492424242424242,
                "support": 27.0
            }
        },
        "level2_cancer_mlp": {
            "BCC": {
                "precision": 0.9090909090909091,
                "recall": 1.0,
                "f1-score": 0.9523809523809523,
                "support": 10.0
            },
            "MEL": {
                "precision": 0.0,
                "recall": 0.0,
                "f1-score": 0.0,
                "support": 1.0
            },
            "SCC": {
                "precision": 0.0,
                "recall": 0.0,
                "f1-score": 0.0,
                "support": 1.0
            },
            "accuracy": 0.8333333333333334,
            "macro avg": {
                "precision": 0.30303030303030304,
                "recall": 0.3333333333333333,
                "f1-score": 0.31746031746031744,
                "support": 12.0
            },
            "weighted avg": {
                "precision": 0.7575757575757575,
                "recall": 0.8333333333333334,
                "f1-score": 0.7936507936507936,
                "support": 12.0
            }
        },
        "level2_non_cancer_mlp": {
            "ACK": {
                "precision": 0.7272727272727273,
                "recall": 0.8888888888888888,
                "f1-score": 0.8,
                "support": 9.0
            },
            "NEV": {
                "precision": 0.0,
                "recall": 0.0,
                "f1-score": 0.0,
                "support": 3.0
            },
            "SEK": {
                "precision": 0.75,
                "recall": 1.0,
                "f1-score": 0.8571428571428571,
                "support": 3.0
            },
            "accuracy": 0.7333333333333333,
            "macro avg": {
                "precision": 0.49242424242424243,
                "recall": 0.6296296296296297,
                "f1-score": 0.5523809523809523,
                "support": 15.0
            },
            "weighted avg": {
                "precision": 0.5863636363636364,
                "recall": 0.7333333333333333,
                "f1-score": 0.6514285714285715,
                "support": 15.0
            }
        }
    },
    "classifiers_level1": {
        "mlp": {
            "get_params": {
                "activation": "relu",
                "alpha": 0.0001,
                "batch_size": "auto",
                "beta_1": 0.9,
                "beta_2": 0.999,
                "early_stopping": false,
                "epsilon": 1e-08,
                "hidden_layer_sizes": [
                    100,
                    50
                ],
                "learning_rate": "constant",
                "learning_rate_init": 0.001,
                "max_fun": 15000,
                "max_iter": 1000,
                "momentum": 0.9,
                "n_iter_no_change": 10,
                "nesterovs_momentum": true,
                "power_t": 0.5,
                "random_state": 42,
                "shuffle": true,
                "solver": "adam",
                "tol": 0.0001,
                "validation_fraction": 0.1,
                "verbose": 0,
                "warm_start": false
            },
            "n_features_in_": 3,
            "classes_": [
                false,
                true
            ]
        }
    },
    "classifiers_level_level2_cancer": {
        "mlp": {
            "get_params": {
                "activation": "relu",
                "alpha": 0.0001,
                "batch_size": "auto",
                "beta_1": 0.9,
                "beta_2": 0.999,
                "early_stopping": false,
                "epsilon": 1e-08,
                "hidden_layer_sizes": [
                    100,
                    50
                ],
                "learning_rate": "constant",
                "learning_rate_init": 0.001,
                "max_fun": 15000,
                "max_iter": 1000,
                "momentum": 0.9,
                "n_iter_no_change": 10,
                "nesterovs_momentum": true,
                "power_t": 0.5,
                "random_state": 42,
                "shuffle": true,
                "solver": "adam",
                "tol": 0.0001,
                "validation_fraction": 0.1,
                "verbose": 0,
                "warm_start": false
            },
            "n_features_in_": 3,
            "classes_": [
                "BCC",
                "MEL",
                "SCC"
            ]
        }
    },
    "classifiers_level_level2_non_cancer": {
        "mlp": {
            "get_params": {
                "activation": "relu",
                "alpha": 0.0001,
                "batch_size": "auto",
                "beta_1": 0.9,
                "beta_2": 0.999,
                "early_stopping": false,
                "epsilon": 1e-08,
                "hidden_layer_sizes": [
                    100,
                    50
                ],
                "learning_rate": "constant",
                "learning_rate_init": 0.001,
                "max_fun": 15000,
                "max_iter": 1000,
                "momentum": 0.9,
                "n_iter_no_change": 10,
                "nesterovs_momentum": true,
                "power_t": 0.5,
                "random_state": 42,
                "shuffle": true,
                "solver": "adam",
                "tol": 0.0001,
                "validation_fraction": 0.1,
                "verbose": 0,
                "warm_start": false
            },
            "n_features_in_": 3,
            "classes_": [
                "ACK",
                "NEV",
                "SEK"
            ]
        }
    }
}