{
    "mlp": {
        "accuracy": 0.5656108597285068,
        "precision": 0.558252427184466,
        "recall": 0.5324074074074074,
        "f1": 0.5450236966824644,
        "roc_auc": 0.5648762700753851,
        "confusion_matrix": "[[135  91]\n [101 115]]"
    },
    "lr": {
        "accuracy": 0.5950226244343891,
        "precision": 0.5920398009950248,
        "recall": 0.5509259259259259,
        "f1": 0.5707434052757794,
        "roc_auc": 0.5940470337594231,
        "confusion_matrix": "[[144  82]\n [ 97 119]]"
    }
}