{
    "mlp": {
        "accuracy": 0.5372807017543859,
        "precision": 0.5085714285714286,
        "recall": 0.8202764976958525,
        "f1": 0.6278659611992945,
        "roc_auc": 0.5288645084164048,
        "threshold": 0.47522527483330457
    },
    "lr": {
        "accuracy": 0.4934210526315789,
        "precision": 0.48423423423423423,
        "recall": 0.9907834101382489,
        "f1": 0.6505295007564297,
        "roc_auc": 0.5237356111293214,
        "threshold": 0.49183836974889944
    }
}