{
    "mlp": {
        "accuracy": 0.5679824561403509,
        "precision": 0.532258064516129,
        "recall": 0.7603686635944701,
        "f1": 0.6261859582542695,
        "roc_auc": 0.6254169639241849,
        "threshold": 0.40830371567190116
    }
}