{
    "lr": {
        "accuracy": 0.5950226244343891,
        "precision": 0.5920398009950248,
        "recall": 0.5509259259259259,
        "f1": 0.5707434052757794,
        "roc_auc": 0.5940470337594231,
        "confusion_matrix": "[[144  82]\n [ 97 119]]"
    },
    "svc": {
        "accuracy": 0.5950226244343891,
        "precision": 0.5939086294416244,
        "recall": 0.5416666666666666,
        "f1": 0.5665859564164649,
        "roc_auc": 0.5938421828908554,
        "confusion_matrix": "[[146  80]\n [ 99 117]]"
    },
    "mlp": {
        "accuracy": 0.6085972850678733,
        "precision": 0.5799256505576208,
        "recall": 0.7222222222222222,
        "f1": 0.643298969072165,
        "roc_auc": 0.6111111111111112,
        "confusion_matrix": "[[113 113]\n [ 60 156]]"
    }
}