{
    "rf": {
        "accuracy": 0.5882352941176471,
        "precision": 0.6,
        "recall": 0.4722222222222222,
        "f1": 0.5284974093264249,
        "roc_auc": 0.585668633235005,
        "confusion_matrix": "[[158  68]\n [114 102]]"
    },
    "lr": {
        "accuracy": 0.6063348416289592,
        "precision": 0.6039603960396039,
        "recall": 0.5648148148148148,
        "f1": 0.583732057416268,
        "roc_auc": 0.6054162569649296,
        "confusion_matrix": "[[146  80]\n [ 94 122]]"
    }
}