{
    "rf_baseline_model": {
        "accuracy": 0.5991420400381315,
        "precision": 0.6226190476190476,
        "recall": 0.4995224450811843,
        "f1": 0.5543190249072601,
        "roc_auc": 0.5989524689725617,
        "confusion_matrix": "[[734 317]\n [524 523]]"
    },
    "lr_baseline_model": {
        "accuracy": 0.572926596758818,
        "precision": 0.5757271815446339,
        "recall": 0.5482330468003821,
        "f1": 0.5616438356164384,
        "roc_auc": 0.5728796061784973,
        "confusion_matrix": "[[628 423]\n [473 574]]"
    }
}